business_name,categories,city_region,price_range,overall_rating,total_reviews,reviewer_handle,star_rating,date,review_text
Turmeric,Indian,"University City, MO",$$,4.2,298,,,,11:30 AM - 2:30 PM
Turmeric,Indian,"University City, MO",$$,4.2,298,,,,5:00 PM - 9:30 PM
Turmeric,Indian,"University City, MO",$$,4.2,298,,,,10:00 PM - 1:00 AM (Next day)
Turmeric,Indian,"University City, MO",$$,4.2,298,,,,5:00 PM - 1:00 AM (Next day)
Turmeric,Indian,"University City, MO",$$,4.2,298,,5.0,"Jul 29, 2025","I haven't been to Tumeric in years due to not having a great experience but decided to try it again.  We did not start off smoothly as my husband spilled his water on the table and we couldn't find anyone to assist with cleaning it up.  But it got better as the night went on. Prior to going I had looked at the menu and gotten some food suggestions.  I ordered the mango lassi to drink due to reviews and it was delicious.  For appetizer we got the golgappa and chicken lollipops.  Really liked the green sauce with the  golgappa.  Chicken lollipops were delicious as well.  I wanted to try a dosa so the waiter suggested the truffle masala dosa and it was delicious.  My parents are from Pakistan and it reminded me of something my mom makes.  I was super full by this point but had to order the butter chicken.  I got it extra spicy and it was delicious.  Husband got the lamb chops and they were delicious as well.  We ended up taking home a lot of leftovers, but they were soo good reheated. The restaurant itself is a little funky when you first walk in.  The place to wait is pretty tiny.  The restaurant itself is spacious with lots of tables and a large bar. I will def go again and try some more food!"
Turmeric,Indian,"University City, MO",$$,4.2,298,,5.0,"Jun 15, 2025","It's a solid 5  for me because even tho their a.c is down, their food tasted really good! The preparation and presentation is so beautiful. Nice and inviting ambiance. I highly recommend it! I suggest ordering extra naan because the sauce is finger licking good! Definitely coming back!"
Turmeric,Indian,"University City, MO",$$,4.2,298,,5.0,"Aug 28, 2025",We were recommended this place by some friends and were not disappointed! The menu has sooo many options and lots of vegan/vegetarian choices too which is amazing. They had some different options than just the basics I usually get from most Indian places so we ordered quite a few things. Everything came out pretty fast and was super flavorful and delicious. The presentation was so pretty too and seemed like all the food and drinks had care and time put into it. Our server was great as well (Umesh) he was really attentive and provided great service through the whole dining experience. Definitely a hidden gem and will be returning!
Turmeric,Indian,"University City, MO",$$,4.2,298,,5.0,"Sep 16, 2025","Fantastic food and Madras coffee was like nothing I'd had before--delicious! The wait staff were polite, friendly and helpful to us when we didn't know what a dish was. The ambience was nice--we had a booth."
Turmeric,Indian,"University City, MO",$$,4.2,298,,5.0,"Jun 5, 2025","This restaurant is a hidden gem! Delicious, authentic Indian cuisine. The Garlic Naan is perfect! I personally would recommend 10/10."
Turmeric,Indian,"University City, MO",$$,4.2,298,,4.0,"Nov 24, 2024","Great Indian food with friendly staff and fast service! Super vegetarian friendly, highly recommend the bombay sliders."
Turmeric,Indian,"University City, MO",$$,4.2,298,,5.0,"May 27, 2025",The food was amazing the service was excellent I couldn't recommend this place enough.
Turmeric,Indian,"University City, MO",$$,4.2,298,,4.0,"Apr 11, 2024","Great Indian restaurant, especially if you love spicy food! Love the chill music vibes and atmosphere inside. Even though it was a Thursday night, the restaurant was quite busy (which is always a good sign!). We had a reservation and the service was pretty fast. - Pineapple Mojito: 8/10 on the sweeter side, but not too sweet or strong - Chicken Lollipop: 9/10 absolutely yummy, melts in you - Tanjore Lamb Chop Masala: 9/10 yummy as well, comes with a lot of masala that can be paired with naan or rice - Garlic Naan: 10/10 soft, fresh, perfect amount of garlic, delicious! - Tiger Shrimp Biryani: 9/10 on the spicier side, came out fresh and soft - Double Ka Meeta: 6/10 alright, but not my favorite bread pudding"
Turmeric,Indian,"University City, MO",$$,4.2,298,,5.0,"Jul 18, 2025","The food was delicious!! And they give you so much! The service was excellent. However, it is expensive compared to other Indian Cuisine restaurants. Naan really was $4.50 for one piece."
Turmeric,Indian,"University City, MO",$$,4.2,298,,4.0,"Oct 17, 2024",Great ambience. Okay service. Didn't wait too long. Ample parking space in the back. Imo it's quite pricey for the amount of chicken we get. But great presentation. Samosas aren't super small. I'd prefer normal size one. Overall tastes are just average. We do love the mango spicy condiment. I do like Indian restaurant addition to Delmar.
Turmeric,Indian,"University City, MO",$$,4.2,298,,,,Things to do in University City
Turmeric,Indian,"University City, MO",$$,4.2,298,,,,"BEST of University City, MO Restaurants near Turmeric"
Turmeric,Indian,"University City, MO",$$,4.2,298,,,,"BEST of University City, MO Coffee near Turmeric"
Turmeric,Indian,"University City, MO",$$,4.2,298,,,,"BEST of University City, MO Things to Do near Turmeric"
Turmeric,Indian,"University City, MO",$$,4.2,298,,,,"BEST of University City, MO Desserts near Turmeric"
Turmeric,Indian,"University City, MO",$$,4.2,298,,,,"BEST of University City, MO Parking near Turmeric"
Turmeric,Indian,"University City, MO",$$,4.2,298,,,,"BEST of University City, MO Biryani near Turmeric"
Turmeric,Indian,"University City, MO",$$,4.2,298,,,,"BEST of University City, MO Mediterranean Food near Turmeric"
Turmeric,Indian,"University City, MO",$$,4.2,298,,,,"BEST of University City, MO Butter Chicken near Turmeric"
Turmeric,Indian,"University City, MO",$$,4.2,298,,,,"BEST of University City, MO Shopping near Turmeric"
Turmeric,Indian,"University City, MO",$$,4.2,298,,,,"BEST of University City, MO Food Court near Turmeric"
Turmeric,Indian,"University City, MO",$$,4.2,298,,,,Find more Bars near Turmeric
Turmeric,Indian,"University City, MO",$$,4.2,298,,,,Find more Comfort Food near Turmeric
Turmeric,Indian,"University City, MO",$$,4.2,298,,,,Find more Indian Restaurants near Turmeric
