[
  {
    "business_name": "Turmeric",
    "business_category": "Indian",
    "date": "Jul 29, 2025",
    "reviewer_name": "Mishell H.",
    "reviewer_location": "Saint Louis, MO",
    "review": "I haven't been to Tumeric in years due to not having a great experience but decided to try it again.  We did not start off smoothly as my husband spilled his water on the table and we couldn't find anyone to assist with cleaning it up.  But it got better as the night went on. Prior to going I had looked at the menu and gotten some food suggestions.  I ordered the mango lassi to drink due to reviews and it was delicious.  For appetizer we got the golgappa and chicken lollipops.  Really liked the green sauce with the  golgappa.  Chicken lollipops were delicious as well.  I wanted to try a dosa so the waiter suggested the truffle masala dosa and it was delicious.  My parents are from Pakistan and it reminded me of something my mom makes.  I was super full by this point but had to order the butter chicken.  I got it extra spicy and it was delicious.  Husband got the lamb chops and they were delicious as well.  We ended up taking home a lot of leftovers, but they were soo good reheated. The restaurant itself is a little funky when you first walk in.  The place to wait is pretty tiny.  The restaurant itself is spacious with lots of tables and a large bar. I will def go again and try some more food!",
    "star_rating": 5.0,
    "overall_rating": 4.2
  },
  {
    "business_name": "Turmeric",
    "business_category": "Indian",
    "date": "Jun 15, 2025",
    "reviewer_name": "Rozzy S.",
    "reviewer_location": "Maryland Heights, MO",
    "review": "It's a solid 5  for me because even tho their a.c is down, their food tasted really good! The preparation and presentation is so beautiful. Nice and inviting ambiance. I highly recommend it! I suggest ordering extra naan because the sauce is finger licking good! Definitely coming back!",
    "star_rating": 5.0,
    "overall_rating": 4.2
  },
  {
    "business_name": "Turmeric",
    "business_category": "Indian",
    "date": "Aug 28, 2025",
    "reviewer_name": "Sophia L.",
    "reviewer_location": "St. Louis, MO",
    "review": "We were recommended this place by some friends and were not disappointed! The menu has sooo many options and lots of vegan/vegetarian choices too which is amazing. They had some different options than just the basics I usually get from most Indian places so we ordered quite a few things. Everything came out pretty fast and was super flavorful and delicious. The presentation was so pretty too and seemed like all the food and drinks had care and time put into it. Our server was great as well (Umesh) he was really attentive and provided great service through the whole dining experience. Definitely a hidden gem and will be returning!",
    "star_rating": 5.0,
    "overall_rating": 4.2
  },
  {
    "business_name": "Turmeric",
    "business_category": "Indian",
    "date": "Sep 16, 2025",
    "reviewer_name": "Gina M.",
    "reviewer_location": "Kirkwood, MO",
    "review": "Fantastic food and Madras coffee was like nothing I'd had before--delicious! The wait staff were polite, friendly and helpful to us when we didn't know what a dish was. The ambience was nice--we had a booth.",
    "star_rating": 5.0,
    "overall_rating": 4.2
  },
  {
    "business_name": "Turmeric",
    "business_category": "Indian",
    "date": "Jun 5, 2025",
    "reviewer_name": "Belinda R.",
    "reviewer_location": "St. Louis, MO",
    "review": "This restaurant is a hidden gem! Delicious, authentic Indian cuisine. The Garlic Naan is perfect! I personally would recommend 10/10.",
    "star_rating": 5.0,
    "overall_rating": 4.2
  },
  {
    "business_name": "Turmeric",
    "business_category": "Indian",
    "date": "Nov 24, 2024",
    "reviewer_name": "Fay H.",
    "reviewer_location": "St. Louis, MO",
    "review": "Great Indian food with friendly staff and fast service! Super vegetarian friendly, highly recommend the bombay sliders.",
    "star_rating": 4.0,
    "overall_rating": 4.2
  },
  {
    "business_name": "Turmeric",
    "business_category": "Indian",
    "date": "May 27, 2025",
    "reviewer_name": "Jason B.",
    "reviewer_location": "MO, MO",
    "review": "The food was amazing the service was excellent I couldn't recommend this place enough.",
    "star_rating": 5.0,
    "overall_rating": 4.2
  },
  {
    "business_name": "Turmeric",
    "business_category": "Indian",
    "date": "Apr 11, 2024",
    "reviewer_name": "Erica S.",
    "reviewer_location": "St. Louis, MO",
    "review": "Great Indian restaurant, especially if you love spicy food! Love the chill music vibes and atmosphere inside. Even though it was a Thursday night, the restaurant was quite busy (which is always a good sign!). We had a reservation and the service was pretty fast. - Pineapple Mojito: 8/10 on the sweeter side, but not too sweet or strong - Chicken Lollipop: 9/10 absolutely yummy, melts in you - Tanjore Lamb Chop Masala: 9/10 yummy as well, comes with a lot of masala that can be paired with naan or rice - Garlic Naan: 10/10 soft, fresh, perfect amount of garlic, delicious! - Tiger Shrimp Biryani: 9/10 on the spicier side, came out fresh and soft - Double Ka Meeta: 6/10 alright, but not my favorite bread pudding",
    "star_rating": 4.0,
    "overall_rating": 4.2
  },
  {
    "business_name": "Turmeric",
    "business_category": "Indian",
    "date": "Jul 18, 2025",
    "reviewer_name": "Sewasew H.",
    "reviewer_location": "Dallas, TX",
    "review": "The food was delicious!! And they give you so much! The service was excellent. However, it is expensive compared to other Indian Cuisine restaurants. Naan really was $4.50 for one piece.",
    "star_rating": 5.0,
    "overall_rating": 4.2
  },
  {
    "business_name": "Turmeric",
    "business_category": "Indian",
    "date": "Oct 17, 2024",
    "reviewer_name": "Nan N.",
    "reviewer_location": "Saint Louis, MO",
    "review": "Great ambience. Okay service. Didn't wait too long. Ample parking space in the back. Imo it's quite pricey for the amount of chicken we get. But great presentation. Samosas aren't super small. I'd prefer normal size one. Overall tastes are just average. We do love the mango spicy condiment. I do like Indian restaurant addition to Delmar.",
    "star_rating": 4.0,
    "overall_rating": 4.2
  },
  {
    "business_name": "Turmeric",
    "business_category": "Indian",
    "date": "Jul 17, 2025",
    "reviewer_name": "Alan F.",
    "reviewer_location": "St. Louis, MO",
    "review": "Terrific food. Service is odd. Dishes come out in no particular order, but the quality makes me not care. The music is always too loud, but when I've asked them to lower it, they've always complied. I will be happy to return again and again.",
    "star_rating": 4.0,
    "overall_rating": 4.2
  },
  {
    "business_name": "Turmeric",
    "business_category": "Indian",
    "date": "Feb 26, 2025",
    "reviewer_name": "Norman G.",
    "reviewer_location": "Clayton, MO",
    "review": "I think I may be partial I really like Indian Cuisine, so that will always be a treat for me I liked the food, it was very good, to me it was great, but I can't say that I am the most Knowledgeable when it comes to Indian cuisine, I just know that I like it very much, at the moment, it is my favorite cuisine I ordered Naan which was great (so far, I haven't experienced Naan that I didn't like) Wasn't the best I have ever had, yet still very good. Enjoyable I also had the Chicken Biriyani, a wonderful dish, but I wouldn't say it is adventurous, and I can say the Biriyani I had was also enjoyable. I put it that way, because their may be other people that are very experienced in Indian Cuisine, to the point of being a connoisseur, that wouldn't be me, I am just a fan Ambience - Beautiful Restaurant. Very Clean, very nice atmosphere. Service - Very Good. Very polite server, and I thought the way some of the dishes came out was a very good experience Overall, I liked the restaurant very much, it was a place that I would enjoy going to again",
    "star_rating": 4.0,
    "overall_rating": 4.2
  },
  {
    "business_name": "Turmeric",
    "business_category": "Indian",
    "date": "May 5, 2024",
    "reviewer_name": "Danielle M.",
    "reviewer_location": "Clayton, Saint Louis, MO",
    "review": "Ambiance: small, manageable. Really nice decor! Service: this was the only reason it got 4 stars versus 5! We went for lunch and we had to wait to be seated stood up there for about 15 minutes with no acknowledgment before someone finally came over to seat us. That was not the best, however, once we were set down everything went smoothly. Also, they don't serve cocktails during lunch on Saturdays and said we could only get beer or wine../but they only had white wine (I prefer ) so that was a damper, but the food made up for most of it. Food: the food was so good. A lot of wonderful flavors. The chicken biryani was mixed very well and the bowl was deep that I thought so the serving is hefty. The non-veg sampler was the best thing in the menu if you don't really know what to get. We tried both the regular naan and the garlic naan....and omg!! I could have ate the garlic naan as a meal!  The Mango Lassai was also very creamy and tasty and could easily be used as a dessert drink.",
    "star_rating": 4.0,
    "overall_rating": 4.2
  },
  {
    "business_name": "Turmeric",
    "business_category": "Indian",
    "date": "Oct 21, 2023",
    "reviewer_name": "Mindy P.",
    "reviewer_location": "Hazelwood, MO",
    "review": "Turmeric NEVER disappoints. It's also possible that I love Indian food. I love FLAVOR and Indian food tends to have so many seasonings and flavor that I'm not familiar with.  Unfortunately I didn't get photos of my favorite,  Chicken 65 Buzele, apparently it's level 65 spicy, it was delicious,  recommended by the server.  I do have photos of the Turmeric special lamb chops, they were OK. A dry rub,  with rice and spinach on the plate. We had a party of 5, so we really had food everywhere. The meat eaters also got a Chicken Biryani it was very good,  but came at the end when we were full already.  We will enjoy the leftovers I'm sure. Definitely make a reservation if you are going to check this place out! We got right in and there were people waiting in the tiny vestibule all evening.",
    "star_rating": 5.0,
    "overall_rating": 4.2
  },
  {
    "business_name": "Turmeric",
    "business_category": "Indian",
    "date": "Oct 30, 2024",
    "reviewer_name": "Dale M.",
    "reviewer_location": "Saint Charles, MO",
    "review": "I had my daughter in town and she loves Indian food.  So a group of 5 of us had dinner at Tumeric.  The service was very good and the staff was very attentive.  For appetizers we had the Cauliflower Manchurian Bezule, Chicken 65 Bezule, Street Style Chilli Paneer.  They were all very tasty and excellent.  We also ordered the Home Style Special Chicken Curry, the Fresh Okra Fry, Tumeric Special Chicken Curry and Tiger Shrimp Biryani.  Everyone said their food was excellent.  The drinks were good too.  I would definitely go back and recommend you give them a try too!",
    "star_rating": 5.0,
    "overall_rating": 4.2
  },
  {
    "business_name": "Turmeric",
    "business_category": "Indian",
    "date": "Sep 14, 2023",
    "reviewer_name": "Stacey C.",
    "reviewer_location": "St. Louis, MO",
    "review": "Tumeric is one of my absolute favorite Indian restaurants in St. Louis!! This restaurant is conveniently located along the Delmar Loop. They offer a lunch menu and a dinner menu, and I have gone multiple times since I moved to St. Louis. Today, I went specifically for dinner. Their dinner menu features salads, small plates, various dosa courses, entrees, breads, and drinks. While I did not order a drink today, I would recommend the Masala Chai which has an earthy flavor or the Mango Lassi which is a sweet mango flavored yogurt drink. Today I ordered my usual dish - Chicken Tikka Masala with Garlic Naan Bread. This dish was delicious and the portion size served was very generous. The flavors of the sauce, rice, and naan bread all blended very well together. The garlic naan bread was baked to perfection with the perfect combination of crispy and chewy. The chicken tikka masala sauce was very flavorful. I could taste the blended spices in the sauce as well as smell the wonderful aroma of it. This dish definitely felt like it took hours and hours of preparation to make. I was also so happy when I had leftovers to take home! Overall, I love coming here and definitely consider this restaurant as one of my favorite spots in St. Louis!",
    "star_rating": 5.0,
    "overall_rating": 4.2
  },
  {
    "business_name": "Turmeric",
    "business_category": "Indian",
    "date": "Apr 15, 2024",
    "reviewer_name": "Quyen H.",
    "reviewer_location": "St. Louis, MO",
    "review": "Tumeric is one of our favorite Indian restaurants. We have been here numerous times, and we were always happy with the quality of food and service here after each visit. The wait staffs have been friendly and welcoming. Tumeric provided a pleasant and soothing ambience in addition to comfy booth seatings. They sold out of chicken 65 tonight, so my partner got the Kale Palak Chaat. This was an interesting dish where kales was disguised in a yummy way - crispy and flavorful. We also got Truffle Potato Masala Dosa and Butter Chicken. We tried a few places served Dosa in STL but Tumeric's Dosa is the best! I highly recommended the Dosa here. Basically, Dosa is a thin, crispy, Indian style crepe made from fermented rice and lentil batter - definitely a vegan friendly item. You can pick your own fillings such as potato/egg/chicken or lamb. My favorite is the potato filling. Their butter chicken served with Basmati  rice on the side was finger licking good!!!! The sauce was very buttery/creamy, and the chicken was very moist. It's even better when warm fresh Garlic Naan dip in the sauce. Highly recommend!!!",
    "star_rating": 5.0,
    "overall_rating": 4.2
  },
  {
    "business_name": "Turmeric",
    "business_category": "Indian",
    "date": "Jul 11, 2024",
    "reviewer_name": "Graze R.",
    "reviewer_location": "Bonney Lake, WA",
    "review": "Kudos and hats off to the chef (we literally thank and met the chef) and the staffs of turmeric in St. Louis. This was my first time in St. Louis and wanted to try something different my friends were Craving some authentic Indian food and we all agreed that their menus  didn't disappoint the tikka masala chicken melts in my mouth the sauce was mild and just the right spice if only I live close by I will box the sauce and take it back with me  I wish there is a branch in Seattle I don't know if I will be back in St. Louis but if for some reason I rerun to STL I sure will visit this place again for those who will see my review pls do stop by and support their restaurant and try their food the portions were reasonable, the mango lassi was delicious and all their meal are  halal the staff were very friendly and lovely people. Thank you for the food and service the ambiance is pleasant.",
    "star_rating": 5.0,
    "overall_rating": 4.2
  },
  {
    "business_name": "Turmeric",
    "business_category": "Indian",
    "date": "Oct 12, 2024",
    "reviewer_name": "Emerine C.",
    "reviewer_location": "Burlington, VT",
    "review": "I've gotten their vegetarian lunch special another time since and this time it was great. Super flavorful, multiple pieces of paneer, and the veggies were flavorful and spicy but not overwhelming. Not oily like the first time at all. It did take awhile to prepare (about 30-45 mins after ordering online) but at least I know it was super fresh.",
    "star_rating": 5.0,
    "overall_rating": 4.2
  },
  {
    "business_name": "Turmeric",
    "business_category": "Indian",
    "date": "Sep 23, 2023",
    "reviewer_name": "Cherie R.",
    "reviewer_location": "St. Louis, MO",
    "review": "Turmeric is one of our favorite places to eat at in Delmar Loop! Their food is flavorful and delicious - you can ask them to up the spice as you'd like as well! We started first with the kale and palak chaat, with is basically fried bits of kale and spinach, covered in bhel so it's very crunchy and light - not spicy. We wished it had less Bhel and more tamarind, chutney, and yogurt sauce but maybe next time! Their main entrees include a healthy serving of rice - we got the chicken tikka masala at an 8/10 spice level and loved it. The curry was flavorful, warm, the chicken was cooked perfectly. We enjoyed it with both garlic naan and the rice. We will definitely come again soon- thanks Team Turmeric!",
    "star_rating": 5.0,
    "overall_rating": 4.2
  }
]