business_name,business_category,date,reviewer_name,reviewer_location,review,star_rating,overall_rating
The Golden Hoosier,Burgers,"Aug 7, 2025",Drea H.,"Saint Louis, MO","Love love love! Park/nature/outdoorsy themed bar with a great inside bar along with dining room and then an awesome outside including a fire pit and s'mores!! Service is excellent as well! The menu has not changed since we began going here years ago. The menu is appetizers. Sandwiches and entrees, sides, and a few deserts. My go to is the grilled cheese and tomato soup. The drink menu is so unique and tasty. In this pic it's the ""I'm tired of this grandpa!"" And a cider on draft. You can't go wrong with any of it.",5.0,4.5
The Golden Hoosier,Burgers,"Aug 8, 2025",Kelli W.,"Blue Springs, MO","We were in town to take the kids to the zoo and some other attractions. After the zoo, everyone was hungry and we chose The Golden Hoosier based on reviews (I just want to talk to some of you Yelpers outside for a minute ). We got there and parking is on a super narrow side street. I have an SUV so that was tricky but we got in good. We walked in and realized that it's a bar. Like a bar bar with tables. They had a kids menu. It was rather dark inside like well, a bar. We were seated and our waitstaff took our drink orders. I was going to get a Coke but, they had something called XL drinks. Not sure what is so I got unsweetened ice tea. Hubs tried a few different beers. He wasn't impressed with any of them. The kids weren't to fond their lemonade either. We ordered queso and wings for an appetizer and the queso came out barely warm. The wings lacked flavor which was odd, because our waitstaff said they were known for these wings. I mean barely. For meals, the small one had chicken tenders,  the teen had a grilled cheese and the adults had the Bacon Jam burger. The food was ok. The fries were rosemary parmesan and super salty. The teen wasn't a fan of his grilled cheese and that's all you need to know as they LOVE grilled cheese. For a bar,  it was rather expensive. Since we don't live in the area, going back won't be a thing. If we are in the area again, we won't go back there.",2.0,4.5
The Golden Hoosier,Burgers,"Aug 4, 2025",Tedd T.,"St. Louis, MO","Walking into The Golden Hoosier feels like stepping into a Wes Anderson-meets-Ozarks fever dream--in the best way possible. The decor is a bold, nostalgic mashup of vintage Midwest charm, taxidermy, twinkling lights, and grandma's basement rec room (if grandma had a killer eye for design). Every corner tells a story, and it's the kind of place where you want to sip a cocktail slowly just to soak it all in. The vibe is five stars. If only the menu matched the creativity of the space. It's solid, but still finding its groove--more safe than standout. Here's hoping the kitchen eventually catches up to the incredible atmosphere. If it does, this place could be iconic.",4.0,4.5
The Golden Hoosier,Burgers,"Sep 21, 2025",Carrie W.,"Edina, MN","Had drinks. Enjoyed a Moscow mule. We sat with our kids who had burgers, steak ends and fries. I tasted a couple fries. They were good and crispy. Yum. The waitress was attentive. Cute spot.",4.0,4.5
The Golden Hoosier,Burgers,"Sep 12, 2025",Almina Z.,"St. Louis, MO",Got to check this place out for my friend's birthday dinner and it didn't disappoint one bit. The drinks were so good! The food was just amazing overall everything was just perfect. We sat in the back patio at night and it was beautiful the vibe was great! Server was also very nice and attentive.,5.0,4.5
The Golden Hoosier,Burgers,"Jul 28, 2025",Jade H.,"Kirkwood, MO","Had a great time dining at the Golden Hoosier. The service was great (my waitress even recommended me to her nail tech!), the food was good, and the drinks were tasty. Also the prices for what you get seemed really reasonable. Rating it a 4/5 because it didn't blow my mind but it was good enough that I'd go again! Also beware of all the taxidermy everywhere, in case you're sensitive to that.",4.0,4.5
The Golden Hoosier,Burgers,"Aug 22, 2025",John K.,"Manchester, MO","I'm glad I finally tried this restaurant. I ordered the Hoosier Smash Burger and fries. The Hoosier comes with sharp cheddar cheese, bacon, lettuce, tomato and thousand island dressing. This place executes extremely well. The food came out hot. The bacon was crispy. The lettuce and tomato were fresh. The fries were golden brown and crispy. The service we received was outstanding. The flavor of the burger and fries was delicious. Parking is a little tricky. They have a small lot behind the building and there's street parking.",5.0,4.5
The Golden Hoosier,Burgers,"Apr 14, 2025",Gracie L.,"Saint Louis, MO","Had a nice experience on a Sunday afternoon for lunch! My partner and I had heard such amazing things about this place, so we decided to try it for ourselves. We were seated right away. The decor and vibes are so fun, and I love the dark, moody, yet still casual feel. Our server was quick and attentive, and the restrooms were clean. We didn't order drinks this time, but I'd definitely be down to try them out next time I visit. So many creative options on the cocktail menu! My partner really wanted to try the onion dip served with red hot riplets. We also split their veggie chili as an appetizer. Neither of these appetizers necessarily blew us away, but they were both pretty good! For our meals, my partner ordered the melt, which is made with swiss, caramelized onions, hoosier Sauce, and brioche bread. I had the turkey burger, made with red pepper jam, pepper jack, LTOP, and a brioche bun. Similar to the appetizers, neither of our meals blew us away, but everything still tasted yummy. My favorite part of the meal without a doubt was the rosemary parmesan fries. Literally incredible. I could've eaten a whole order of just that. While there weren't really any aspects of this visit that made me say, ""I want to come back ASAP,"" I'd definitely go again and try some other menu items next time I'm in the neighborhood!",4.0,4.5
The Golden Hoosier,Burgers,"Jul 9, 2025",Kacie S.,"St. Louis, MO","Golden Hoosier tends to get really packed in the evenings starting around 7 so I def recommend getting there before the busy time! The patio is nice and open, camp themed with fire pits, wooden seating, and a bar! The inside is a more intimate low lighting dim atmosphere! I love that you can choose your vibe based on sitting in vs out! Both times I have been the food came out extremely fast! Their spicy margs are great and so are their burgers, they always give a lot of fries as your side which is a plus!",5.0,4.5
The Golden Hoosier,Burgers,"Mar 23, 2025",Trevor M.,"Saint Louis, MO",This is a double review. Once for dine-in and once for takeout via door dash. I love this place. The pictures speak for themselves. Epic food for a moderate price.,5.0,4.5
Salt + Smoke,Barbeque,"Aug 15, 2025",Eric V.,"Saginaw, MI",Food was decent.  St Louis Regional barbecue is not the best around.  Sauces were underwhelming.,4.0,4.3
Salt + Smoke,Barbeque,"Aug 13, 2025",Anna R.,"New York, NY","Was looking for a quick dinner spot before our show at The Muny, and this restaurant exceeded our expectations! Delicious food and quick service!! Best brisket I've had hands down!",5.0,4.3
Salt + Smoke,Barbeque,"Sep 3, 2025",Howard M.,"Washington, DC","Salt + Smoke absolutely delivered on every level. The food was phenomenal perfectly smoked burger, sides that tasted homemade, and portions that leave you more than satisfied. Everything had so much flavor, and you can tell real care goes into every dish. I tried the falafel burger with brioche bun. Our server, Austin, made the experience even better. He was attentive without being overbearing, had great recommendations, and made us feel truly welcome. The ambiance was spot-on too, comfortable, and the kind of place you can relax with friends or family while still enjoying a top-notch meal. If you're craving BBQ done right with fantastic service, Salt + Smoke is the place. We'll definitely be back!",5.0,4.3
Salt + Smoke,Barbeque,"Aug 28, 2025",Tony B.,"Madison, WI","First time in St. Louis and went looking for BBQ. This place was recommended to me by several residents. Thank goodness they did, because it delivered. Reasonably priced compared to some other menus I've seen with a great location parking and seating. I got the three plate platter with a side of brisket chili. All three meats did not need sauce, but the homemade variety they offered put the flavor over the top. My only critique would be to thicken the chili. I life mine less soupy. With that said, I'd order again...ha!",5.0,4.3
Salt + Smoke,Barbeque,"Aug 20, 2025",Jordan D.,"Overland Park, KS","Pretty solid selection of meats. I'd recommend the smoked chicken wings, and they've got interesting but good coleslaw. Pretty small portions even though I had the 3 meat platter. The popover roll isn't very appetizing - a dry/crusty shell of shell that's hollow.",3.0,4.3
Salt + Smoke,Barbeque,"Aug 7, 2025",Neikan M.,"Santa Cruz, CA","So, quick note: we tried to go to Pappy's originally. The line was very long but we still wanted to wait; however, as we were waiting, they told us that they were sold out of ribs, brisket and burnt ends... so, we decided to go to Salt and Smoke. At Salt and Smoke, the Service was incredible and they have 4 fun sauces on each table (sweet bbq, mustard, another bbq, and a Chili sauce). Ordered the 2 piece combo with shredded chicken and ribs. Ribs were dry unfortunately and the shredded chicken tasted like rotisserie chicken, which wasn't bad but wasn't anything incredible. Mac n cheese and beans were amazing. Then, we got a pound of brisket (half lean and half fatty) and this was the STAR of the show. Next time I'm in STL, I will try another bbq spot. Closer to a 3.5 than a 4",4.0,4.3
Salt + Smoke,Barbeque,"Jul 31, 2025",Kayla U.,"Los Angeles, CA","Here are our 4 Star FAPS: Food (F): A great selection of BBQ and tasty sides! Our favorite out of three were the wings! Some of the meat can be dry. The Butter cake was a light dessert that was a tasty finish to the BBQ meal! The portion was enough to share between two people. Ambience (A): Nice, clean, and cool environment to enjoy a lunch with family and friends to get away from the summer heat and humidity. Parking (P): Unsure. We walked from the place that we were staying at. Service (S): Friendly and attentive staff that constantly fill your waters and checks in on you.",4.0,4.3
Salt + Smoke,Barbeque,"Jul 1, 2025",Andrea S.,"Webster Groves, MO","My daughter wanted pulled pork and the Yelp pictures helped us decide on Salt + Smoke. It was really busy for a Tuesday evening but there was no wait and we got seated immediately. Or server, Clair, greeting us within a minute of being seated and provided top notch service! My daughter ordered the pulled pork sandwich and the white cheddar cracker mac. It looked amazing and she loved it!! I had the brisket sandwich with beef fat fries. Oh man! The brisket was absolutely delicious. It didn't need any sauce but, of course, I added some My Sweet Bestie and it was sooo good. That brisket is cooked to perfection and is tender and had perfectly crispy ends. We also ordered the fried pickles. I enjoyed them but the pickles are on the sweeter side and not your typical fried pickles. We were thoroughly impressed with Salt + Smoke and would recommend for your bbq craving!",5.0,4.3
Salt + Smoke,Barbeque,"Jun 10, 2025",Earl G.,"Anaheim, CA","Delicious, fall off the bone, smoky  St. Louis BBQ near the university with friendly service and ample parking! Good go-to spot for St. Louis BBQ! Brisket - can order as lean/fatty/burnt ends, fatty brisket was very flavorful with good mix of fatty and lean juicy meats, best thing on the plate for sure Ribs - 3 ribs with dry rub and good smoky flavor, tender but doesn't stand out as much Pulled Pork - tender and juicy pork with hefty portion as well Sweet Peppers Potato Salad - crunch from peppers was good contrast from sweet and creamy potatoes, good side to cut through the fatty meats Beef Fat Fries - best fry texture with crispy outside and fluffy inside, seasoned perfectly as well BBQ Sauces - My Sweet Bestie was def too sweet, I Can't Even was not spicy at all, Mustarolina had a good tang, but mixing all of these turned out to be the best Pineapple Cannabis Seltzer - good try 0 cal drink with a hint of pineapple, couldn't really feel any buzz",5.0,4.3
Salt + Smoke,Barbeque,"Jul 26, 2025",Brian S.,"Scottsdale, AZ","Very pleased! Got right in for our part of 8 and a few things that went well: - offered almost like a luggage rack for our car seat to sit in. Really nice. - Mac and Cheese was incredible. - plenty of variety of sauces on the table full. - attentive service It was a good place to get bbq, not too packed.",5.0,4.3
Pastaria,Italian,"Aug 15, 2025",Jali B.,"Newport Beach, CA","Food was good. A bit of a wait, which was ok since I came with a large group. We were placed at a long, large table which was able to accommodate a lot of people.",4.0,4.1
Pastaria,Italian,"Aug 12, 2025",Janice P.,"Saint Louis, MO","Last week a friend and I decided to get together for happy hour, decided to go to Pastaria and it just rolled into dinner! Love that they have some happy hour specials and we enjoyed them thoroughly. Had we wanted to eat our fill with that menu we certainly could but we really enjoyed that we could have. I recommend going early and snagging a table (though I also love the bartenders). We were seated in the wine/deli space which I love dearly. No trip to Pastaria is complete without the risotto balls and I love that they are on the happy hour menu! There are also a few drinks, I happily chose sangria and didn't look back! So good. We also got the margarita pizza which has never disappointed at Pastaria. We were having so much fun and hanging out so long we eventually ordered the garganelli to split and it was the perfect close. I have come to Pastaria dozens of times over the years, doing dear friend meetups like this one, hosting out of town family or friends and holding business dinners of various sizes from a small table to a private room. The service is always topnotch, attentive but not overt, anticipating needs, etc. There is street parking and a garage - the restaurant happily validates.",5.0,4.1
Pastaria,Italian,"Jul 26, 2025",Lori S.,"St. Louis, MO","This is my go-to pasta place in STL.  Never disappoints...wonderful service and the food is so good!  I always get the Garganelli and crispy risotto balls. The kids menu is perfect topped off with gelato options for dessert.  My kids love the giant meatballs. James Beard Award-winning chef, feels like you are at his house with their open kitchen and pictures on the back wall.  Highly recommend!",5.0,4.1
Pastaria,Italian,"Jul 1, 2025",Melissa M.,"Saint Louis, MO","This is probably my favorite nicer-but-kid-friendly restaurant option in STL. For when you want something delicious and kind of upscale but also need the kids to be welcomed & more than accommodated. It's not where I typically go for date nights or friends nights out because there's better/more adventurous options. That being said...service is great, the kids LOVE sitting at bar where they make the pizzas, there's a window where the kids can watch the pasta being made towards the front, they provide crayons, and the kids menu is A+ and also half price when you get there early enough with an adult meal. It's my 6 year old's favorite restaurant. I'd say I've explored the menu enough to know that I have some favorites, and some things I find to be meh. We all love the risotto balls (included on HH menu). The pistachio ravioli is my favorite menu item. The toasted semolina linguine is not my favorite even though I like everything in it...it's just meh to me. This is almost a note to myself to remember to stop ordering it, ha.",5.0,4.1
Pastaria,Italian,"Sep 22, 2025",Dash E.,"Long Beach, CA",From start to finish - 5 stars. Great service. Friendly hosts. Validated parking. Food was epic and fun. Love the vibe. Very Italian. Highly recommend.,5.0,4.1
Pastaria,Italian,"May 17, 2025",Stacey C.,"St. Louis, MO","Pastaria is an awesome Italian restaurant located in Clayton and run through Gerard Craft and his group of restaurants. The overall environment is elevated but cozy and there is the Pastaria Deli and Wine shop located next door. I ordered a vodka cocktail, the Toasted Semolina Linguine, and the Arugula & Endive salad. The cocktail was light and not too sweet and both dishes of food were amazing!!! The salad was light but balanced with the goat cheese and dried cherries. The pasta was so flavorful and the shrimp was cooked to perfection. I can't wait to take friends here when they come into town!",5.0,4.1
Pastaria,Italian,"Apr 2, 2025",Kevin W.,"Saint Louis, MO","This was my spouse's and my first time at Pastaria. I can already hear you thinking... How have you not been to Pastaria? I have only myself to blame. The space felt really nice and open, yet still casual with a classy touch. I loved that we could see the kitchen from the seating area; that always adds to the experience. We went on a Wednesday night for an early dinner, so the restaurant was mostly empty. I requested to sit at the bar where the chefs were preparing food (the chef's table, always my favorite seat). We started with the Crispy Risotto Balls, which were perfectly fried with a super gooey, cheesy center. I couldn't stop eating them. Since we were at Pastaria, I had to order a pasta dish. I chose the Garganelli, which was absolutely delicious. The olives in the dish added a nice tangy contrast. My spouse had an oyster mushroom special, which I think I may have liked even more than my own dish. I'm a sucker for mushrooms. We were already full from the meal, and I knew I shouldn't, but I asked to see the dessert menu anyway. Of course, they had tiramisu, how could I say no? We ordered Mama Rodolico's Tiramisu, and it ended up being my favorite part of the meal. Even though we were stuffed, we took our time savoring every bite. We had a great experience at Pastaria. The staff was wonderful, and the food was excellent. It also seemed very kid-friendly, I noticed another table with a child using a coloring sheet and a kids' menu. We'll be back!",5.0,4.1
Pastaria,Italian,"Mar 29, 2025",Doug M.,"Chesterfield, MO","So it took me nine years to come back to Pastaria - there are a LOT of good restaurants in St. Louis to try.  And this time was completely different.  Bread served was large, warm, soft, tasty.  Marinated olives appetizer was huge - must have been 50 olives.  And very good - such buttery olives.  Risotto balls appetizer also was a great deal, with six medium size balls, and two types of sauce to dip - and very good too.  The wife enjoyed her margherita pizza quite a bit, and my strozzapreti al pork was delicious, and another huge serving.  It was loaded with shredded pork and the pasta was just al dente enough to give a nice chew.  The pork/sauce was extremely tender and loaded with flavor.  It seemed to include fennel and a nice lemon/citrus to cut the heaviness of all the pork.  Perhaps I misremember, but the appetizer and pasta sizes seemed much larger than all those years ago. Basically we enjoyed every aspect of our meal, especially the flavors.  This visit, the food came out at the proper pace.  Perhaps that was because we were early and it didn't get crowded until after we arrived, but whatever.  And our server did a nice job of checking on us and taking care of us.",5.0,4.1
Pastaria,Italian,"Feb 13, 2025",Cleo G.,"Green Hills, Nashville, TN","I wanted it to be great. I really did. It wasn't BAD, but it was mediocre Italian food. I expected better from a Niche food group creation, considering how much I I loved Brasserie and have heard about Bowood. The interior is cute, but the tables are packed together pretty tightly. I will say, though, that upon being asked for recommendations, our waiter was so so knowledgeable about the food. He gave us in depth explanations of the flavor profiles and stomach-feels of each dish, which I really appreciated. The bread they give to start is SO good. It's warm, soft, and rich. We even asked for a second round. My friend and I ended up splitting the Salume Nduja Pizza and the Toasted Semolina Linguine (as per our servers suggestion). Here were our thoughts: Salume Nduja Pizza: 6/10 - The bites of nduja sausage were really flavorful and great, but the rest was underwhelming. It tasted too much of a raw tomato sauce flavor, and there wasn't enough cheese. I was excited about the honey but I couldn't taste it much, and the bits I could taste didn't make a great pairing. Also, I like a thin rust, but this was just a bit too thin for my liking. Toasted Semolina Linguine: 6.5/10 - I liked the idea of it, especially because I've never experienced black pasta that wasn't made with squid ink. The shrimp was good as well as the sauce. It was a bit greasier than I would have liked, but it had a nice spice to it. Somehow, I wish the pasta was slightly thicker. It felt like it wasn't the right consistency to pair with the rest of the dish.",3.0,4.1
Pastaria,Italian,"May 9, 2025",Christa B.,"Ballwin, MO","We came for the pasta, we stayed for the atmosphere! Our initial reason for coming here was for the gluten-free pasta, as I have a gluten-free child. But we ended up staying and enjoying ourselves for much longer than expected because of the delightful and attentive atmosphere. The servers happily answer your questions and are ready to deliver your to your tastes. Drinks and eats for all! We will definitely return!",5.0,4.1
